job_title,company_name,location,date,Salary,Experience_Needed,Career_Level,Education_Level,Job_Categories,links,No_of_applicants,Job_Requirements
Senior Financial Data Analyst,Z2 Data,"Nasr City, Cairo, Egypt ",8 days ago,not found,not found,not found,not found,not found,https://wuzzuf.net/jobs/p/eLLqvyzdWzSg-Senior-Financial-Data-Analyst-Z2-Data-Cairo-Egypt?o=1&l=sp&t=sj&a=data analyst|search-v3|navbl|spbl,,
Junior Financial Data Analyst,Z2 Data,"Nasr City, Cairo, Egypt ",8 days ago,not found,not found,not found,not found,not found,https://wuzzuf.net/jobs/p/VsU2nXMaIZSy-Junior-Financial-Data-Analyst-Z2-Data-Cairo-Egypt?o=2&l=sp&t=sj&a=data analyst|search-v3|navbl|spbl,,
Data Analyst,Confidential -,"Cairo, Egypt ",11 days ago,not found,not found,not found,not found,not found,https://wuzzuf.net/jobs/p/tBGEcQp3jGpV-Data-Analyst-Cairo-Egypt?o=3&l=sp&t=sj&a=data analyst|search-v3|navbl|spbl,,
Data Analyst,700 apps,"Mohandessin, Giza, Egypt ",17 days ago,not found,not found,not found,not found,not found,https://wuzzuf.net/jobs/p/RFbeSqdbBS07-Data-Analyst-700-apps-Giza-Egypt?o=4&l=sp&t=sj&a=data analyst|search-v3|navbl|spbl,,
Data Analyst,Unimix Egypt for Readymix concrete,"Nasr City, Cairo, Egypt ",16 days ago,not found,not found,not found,not found,not found,https://wuzzuf.net/jobs/p/9f11wPSLEWdW-Data-Analyst-Unimix-Egypt-for-Readymix-concrete-Cairo-Egypt?o=5&l=sp&t=sj&a=data analyst|search-v3|navbl|spbl,,
Data Analyst,Tamweely,"Cairo, Egypt ",18 days ago,not found,not found,not found,not found,not found,https://wuzzuf.net/jobs/p/WtmAc5I4bnrk-Data-Analyst-Tamweely-Cairo-Egypt?o=6&l=sp&t=sj&a=data analyst|search-v3|navbl|spbl,,
Data Analytics Senior Analyst,Teleperformance - Egypt,"Cairo, Egypt ",23 days ago,not found,not found,not found,not found,not found,https://wuzzuf.net/jobs/p/4r3hA7UUemZf-Data-Analytics-Senior-Analyst-Teleperformance---Egypt-Cairo-Egypt?o=7&l=sp&t=sj&a=data analyst|search-v3|navbl|spbl,,
Data Analyst,Misrhytech,"Nasr City, Cairo, Egypt ",25 days ago,not found,not found,not found,not found,not found,https://wuzzuf.net/jobs/p/VutHj2fk0AYp-Data-Analyst-Misrhytech-Cairo-Egypt?o=8&l=sp&t=sj&a=data analyst|search-v3|navbl|spbl,,
Sales Data Analyst,Confidential -,"Maadi, Cairo, Egypt ",26 days ago,not found,not found,not found,not found,not found,https://wuzzuf.net/jobs/p/bTPeRWlbVl4w-Sales-Data-Analyst-Cairo-Egypt?o=9&l=sp&t=sj&a=data analyst|search-v3|navbl|spbl,,
Business Intelligence Data Analyst,Ibn Sina Pharma,"New Cairo, Cairo, Egypt ",29 days ago,not found,not found,not found,not found,not found,https://wuzzuf.net/jobs/p/QD5m12UvWVdm-Business-Intelligence-Data-Analyst-Ibn-Sina-Pharma-Cairo-Egypt?o=10&l=sp&t=sj&a=data analyst|search-v3|navbl|spbl,,
Data Analyst,Confidential -,"Cairo, Egypt ",1 month ago,not found,not found,not found,not found,not found,https://wuzzuf.net/jobs/p/ZSeuyA6yAXPf-Data-Analyst-Cairo-Egypt?o=11&l=sp&t=sj&a=data analyst|search-v3|navbl|spbl,,
Senior Business Data Analyst,Johnson Controls,"New Cairo, Cairo, Egypt ",1 month ago,not found,not found,not found,not found,not found,https://wuzzuf.net/jobs/p/0nCGgGx0pFd4-Senior-Business-Data-Analyst-Johnson-Controls-Cairo-Egypt?o=12&l=sp&t=sj&a=data analyst|search-v3|navbl|spbl,,
Data Analyst,StatsBomb,"Nasr City, Cairo, Egypt ",1 month ago,not found,not found,not found,not found,not found,https://wuzzuf.net/jobs/p/15XN6CqSFgnT-Data-Analyst-StatsBomb-Cairo-Egypt?o=13&l=sp&t=sj&a=data analyst|search-v3|navbl|spbl,,
Financial Analyst - Innoventures,Cultiv,"Heliopolis, Cairo, Egypt ",12 days ago,not found,not found,not found,not found,not found,https://wuzzuf.net/jobs/p/2HDCHC7zAyh1-Financial-Analyst---Innoventures-Cultiv-Cairo-Egypt?o=14&l=sp&t=sj&a=data analyst|search-v3|navbl|spbl,,
Data Analyst,Confidential -,"Dokki, Giza, Egypt ",1 month ago,not found,not found,not found,not found,not found,https://wuzzuf.net/jobs/p/1IEyDvBKUNVb-Data-Analyst-Giza-Egypt?o=15&l=sp&t=sj&a=data analyst|search-v3|navbl|spbl,,
Senior Data Analyst / Business Intelligence,New Horizons,"Maadi, Cairo, Egypt ",1 month ago,not found,not found,not found,not found,not found,https://wuzzuf.net/jobs/p/L86vNsggcNLG-Senior-Data-Analyst-Business-Intelligence-New-Horizons-Cairo-Egypt?o=16&l=sp&t=sj&a=data analyst|search-v3|navbl|spbl,,
Sales Analyst,Confidential -,"Cairo, Egypt ",19 days ago,not found,not found,not found,not found,not found,https://wuzzuf.net/jobs/p/iw57sQ4fHYda-Sales-Analyst-Cairo-Egypt?o=17&l=sp&t=sj&a=data analyst|search-v3|navbl|spbl,,
Reporting Analyst,Mantrac,"10th of Ramadan City, Cairo, Egypt ",23 days ago,not found,not found,not found,not found,not found,https://wuzzuf.net/jobs/p/nbfcFVWIGSaF-Reporting-Analyst-Mantrac-Cairo-Egypt?o=18&l=sp&t=sj&a=data analyst|search-v3|navbl|spbl,,
Senior Data Analyst,SIPES,"Nozha, Cairo, Egypt ",1 month ago,not found,not found,not found,not found,not found,https://wuzzuf.net/jobs/p/EDDZ1tn63HS9-Senior-Data-Analyst-SIPES-Cairo-Egypt?o=19&l=sp&t=sj&a=data analyst|search-v3|navbl|spbl,,
Business Analyst,GCSSD,"Heliopolis, Cairo, Egypt ",23 days ago,not found,not found,not found,not found,not found,https://wuzzuf.net/jobs/p/KPpJK7BMUpoD-Business-Analyst-GCSSD-Cairo-Egypt?o=20&l=sp&t=sj&a=data analyst|search-v3|navbl|spbl,,
Capability Analyst,Confidential -,"Azarita, Alexandria, Egypt ",25 days ago,not found,not found,not found,not found,not found,https://wuzzuf.net/jobs/p/OwmjdZQo0qhT-Capability-Analyst-Alexandria-Egypt?o=21&l=sp&t=sj&a=data analyst|search-v3|navbl|spbl,,
Business Analyst/ Implementation Consultant,FlairsTech,"Cairo, Egypt ",26 days ago,not found,not found,not found,not found,not found,https://wuzzuf.net/jobs/p/a1DNaK8Yx9ob-Business-Analyst-Implementation-Consultant-Flairstech-Cairo-Egypt?o=22&l=sp&t=sj&a=data analyst|search-v3|navbl|spbl,,
System / Business Analyst,Dimofinf Operations Center,"Nasr City, Cairo, Egypt ",1 month ago,not found,not found,not found,not found,not found,https://wuzzuf.net/jobs/p/Y2A59rMqTacq-System-Business-Analyst-Dimofinf-Operations-Center-Cairo-Egypt?o=23&l=sp&t=sj&a=data analyst|search-v3|navbl|spbl,,
Business Analyst Team Leader (Freelance 2-Month Project),Qsource,"Sheraton, Cairo, Egypt ",29 days ago,not found,not found,not found,not found,not found,https://wuzzuf.net/jobs/p/8GyJV5jLnga0-Business-Analyst-Team-Leader-Freelance-2-Month-Project-Qsource-Cairo-Egypt?o=24&l=sp&t=sj&a=data analyst|search-v3|navbl|spbl,,
Financial Analyst & Data Support - Russian Speaker,World Vest Base (WVB ),"Heliopolis, Cairo, Egypt ",1 month ago,not found,not found,not found,not found,not found,https://wuzzuf.net/jobs/p/C8wjBmKjh8xI-Financial-Analyst-Data-Support---Russian-Speaker-World-Vest-Base-WVB-Cairo-Egypt?o=25&l=sp&t=sj&a=data analyst|search-v3|navbl|spbl,,
Market Research Analyst - Software Domain,IDC,"6th of October, Giza, Egypt ",1 month ago,not found,not found,not found,not found,not found,https://wuzzuf.net/jobs/p/fo3xPl2qnyGk-Market-Research-Analyst---Software-Domain-IDC-Giza-Egypt?o=26&l=sp&t=sj&a=data analyst|search-v3|navbl|spbl,,
Sales Analyst,Fatura ,"Maadi, Cairo, Egypt ",1 month ago,not found,not found,not found,not found,not found,https://wuzzuf.net/jobs/p/YJKml3ix9eBy-Sales-Analyst-Fatura-Cairo-Egypt?o=27&l=sp&t=sj&a=data analyst|search-v3|navbl|spbl,,
Business Analyst,Fixed Solutions,"Cairo, Egypt ",9 days ago,not found,not found,not found,not found,not found,https://wuzzuf.net/jobs/p/dJ61tG8Hh01w-Business-Analyst-Fixed-Solutions-Cairo-Egypt?o=28&l=sp&t=sj&a=data analyst|search-v3|navbl|spbl,,
Financial Analyst,Evergrow for Speciality Fertilizers,"Giza, Giza, Egypt ",15 days ago,not found,not found,not found,not found,not found,https://wuzzuf.net/jobs/p/omiiGpgfKin9-Financial-Analyst-Evergrow-for-Speciality-Fertilizers-Giza-Egypt?o=29&l=sp&t=sj&a=data analyst|search-v3|navbl|spbl,,
Credit Analyst - valU,EFG Hermes,"Smart Village, Giza, Egypt ",18 days ago,not found,not found,not found,not found,not found,https://wuzzuf.net/jobs/p/qscTECkVZlYd-Credit-Analyst---valU-EFG-Hermes-Giza-Egypt?o=30&l=sp&t=sj&a=data analyst|search-v3|navbl|spbl,,
Inventory Analyst,Taager,"Maadi, Cairo, Egypt ",16 days ago,not found,not found,not found,not found,not found,https://wuzzuf.net/jobs/p/TID32GCW4ETO-Inventory-Analyst-Taager-Cairo-Egypt?o=31&l=sp&t=sj&a=data analyst|search-v3|navbl|spbl,,
Business Analyst,Teleperformance - Egypt,"Cairo, Egypt ",23 days ago,not found,not found,not found,not found,not found,https://wuzzuf.net/jobs/p/HcxoJshlm1Oi-Business-Analyst-Teleperformance---Egypt-Cairo-Egypt?o=32&l=sp&t=sj&a=data analyst|search-v3|navbl|spbl,,
Senior Business Analyst,IBS Valley,"Maadi, Cairo, Egypt ",1 month ago,not found,not found,not found,not found,not found,https://wuzzuf.net/jobs/p/ldswTYTrLp3Y-Senior-Business-Analyst-IBS-Valley-Cairo-Egypt?o=33&l=sp&t=sj&a=data analyst|search-v3|navbl|spbl,,
Business Analyst,Future Face,"Cairo, Egypt ",11 days ago,not found,not found,not found,not found,not found,https://wuzzuf.net/jobs/p/YZtrBoUeH9tJ-Business-Analyst-Future-Face-Cairo-Egypt?o=34&l=sp&t=sj&a=data analyst|search-v3|navbl|spbl,,
Business Research Analyst,The KPI Institute,"Cairo, Egypt ",8 days ago,not found,not found,not found,not found,not found,https://wuzzuf.net/jobs/p/hjhl1TfttBUn-Business-Research-Analyst-The-KPI-Institute-Cairo-Egypt?o=35&l=sp&t=sj&a=data analyst|search-v3|navbl|spbl,,
Business Analyst,Expleo,"Cairo, Egypt ",11 days ago,not found,not found,not found,not found,not found,https://wuzzuf.net/jobs/p/lPLjLp7YYswN-Business-Analyst-Expleo-Cairo-Egypt?o=36&l=sp&t=sj&a=data analyst|search-v3|navbl|spbl,,
Financial Reporting & Budgeting Analyst,IFT Corporation,"Mokattam, Cairo, Egypt ",8 days ago,not found,not found,not found,not found,not found,https://wuzzuf.net/jobs/p/V6gtLxQJ1VnQ-Financial-Reporting-Budgeting-Analyst-IFT-Corporation-Cairo-Egypt?o=37&l=sp&t=sj&a=data analyst|search-v3|navbl|spbl,,
Senior Business Analyst,UnitLabs,"Dokki, Giza, Egypt ",19 days ago,not found,not found,not found,not found,not found,https://wuzzuf.net/jobs/p/9B8eD1hEl3Qy-Senior-Business-Analyst-UnitLabs-Giza-Egypt?o=38&l=sp&t=sj&a=data analyst|search-v3|navbl|spbl,,
Business Analyst Lead,egabi solutions,"Cairo, Egypt ",17 days ago,not found,not found,not found,not found,not found,https://wuzzuf.net/jobs/p/ZFCO9h5gOZkh-Business-Analyst-Lead-egabi-solutions-Cairo-Egypt?o=39&l=sp&t=sj&a=data analyst|search-v3|navbl|spbl,,
Data Analyst,Future Group,"Mohandessin, Giza, Egypt ",1 month ago,not found,not found,not found,not found,not found,https://wuzzuf.net/jobs/p/R5pHJODHFseJ-Data-Analyst-Future-Group-Giza-Egypt?o=40&l=sp&t=sj&a=data analyst|search-v3|navbl|spbl,,
Sr. Business Systems Analyst,SAED,"Cairo, Egypt ",12 days ago,not found,not found,not found,not found,not found,https://wuzzuf.net/jobs/p/8HnAUqV9JpqA-Sr-Business-Systems-Analyst-SAED-Cairo-Egypt?o=41&l=sp&t=sj&a=data analyst|search-v3|navbl|spbl,,
Business Intelligence Specialist Data Analyst/ Big Data Engineer,LG Electronics,"Katameya, Cairo, Egypt ",1 month ago,not found,not found,not found,not found,not found,https://wuzzuf.net/jobs/p/6TpapM9YYEpi-Business-Intelligence-Specialist-Data-Analyst-Big-Data-Engineer-LG-Electronics-Cairo-Egypt?o=42&l=sp&t=sj&a=data analyst|search-v3|navbl|spbl,,
Business Intelligence Specialist / Data Analyst,Confidential -,"Cairo, Egypt ",1 month ago,not found,not found,not found,not found,not found,https://wuzzuf.net/jobs/p/PNyftgayQ2I4-Business-Intelligence-Specialist-Data-Analyst-Cairo-Egypt?o=43&l=sp&t=sj&a=data analyst|search-v3|navbl|spbl,,
Systems Analyst,IngazWeb,"Shebin Alkom, Monufya, Egypt ",1 month ago,not found,not found,not found,not found,not found,https://wuzzuf.net/jobs/p/eUSPv5O3p6wD-Systems-Analyst-IngazWeb-Monufya-Egypt?o=44&l=sp&t=sj&a=data analyst|search-v3|navbl|spbl,,
Functional Analyst,Dolf,"Heliopolis, Cairo, Egypt ",26 days ago,not found,not found,not found,not found,not found,https://wuzzuf.net/jobs/p/DCX5NMu1o4r5-Functional-Analyst-Dolf-Cairo-Egypt?o=45&l=sp&t=sj&a=data analyst|search-v3|navbl|spbl,,
Business Analyst (SW Solutions),CRIF EGYPT,"Heliopolis, Cairo, Egypt ",1 month ago,not found,not found,not found,not found,not found,https://wuzzuf.net/jobs/p/OXPlysRbdyKO-Business-Analyst-SW-Solutions-CRIF-EGYPT-Cairo-Egypt?o=46&l=sp&t=sj&a=data analyst|search-v3|navbl|spbl,,
Sales Analyst (Sales Force Effectiveness Specialist),Vision,"Nasr City, Cairo, Egypt ",25 days ago,not found,not found,not found,not found,not found,https://wuzzuf.net/jobs/p/s0y5GPb6thpV-Sales-Analyst-Sales-Force-Effectiveness-Specialist-Vision-Cairo-Egypt?o=47&l=sp&t=sj&a=data analyst|search-v3|navbl|spbl,,
Software Business Analyst/Product Owner,Excel Systems  ,"Sheikh Zayed, Giza, Egypt ",1 month ago,not found,not found,not found,not found,not found,https://wuzzuf.net/jobs/p/lgyBZxikQhnF-Software-Business-AnalystProduct-Owner-Excel-Systems-Giza-Egypt?o=48&l=sp&t=sj&a=data analyst|search-v3|navbl|spbl,,
Senior Data Analyst,Nana,"Sheraton, Cairo, Egypt ",1 month ago,not found,not found,not found,not found,not found,https://wuzzuf.net/jobs/p/1AUith8WXZ0C-Senior-Data-Analyst-Nana-Cairo-Egypt?o=49&l=sp&t=sj&a=data analyst|search-v3|navbl|spbl,,
Operations Business Analyst,Caduceus Lane,"Alexandria, Egypt ",1 month ago,not found,not found,not found,not found,not found,https://wuzzuf.net/jobs/p/A8EDS4gguGRn-Operations-Business-Analyst-Caduceus-Lane-Alexandria-Egypt?o=50&l=sp&t=sj&a=data analyst|search-v3|navbl|spbl,,
System Analyst,ACTS ,"Qasr ŸêAlnil, Cairo, Egypt ",1 month ago,not found,not found,not found,not found,not found,https://wuzzuf.net/jobs/p/Fcph9pJWTGT7-System-Analyst-ACTS-Cairo-Egypt?o=51&l=sp&t=sj&a=data analyst|search-v3|navbl|spbl,,
Business Analyst,e Aswaaq Misr,"Giza, Egypt ",1 month ago,not found,not found,not found,not found,not found,https://wuzzuf.net/jobs/p/YyVO57yvf3mU-Business-Analyst-e-Aswaaq-Misr-Giza-Egypt?o=52&l=sp&t=sj&a=data analyst|search-v3|navbl|spbl,,
Research Analyst,MTS,"Heliopolis, Cairo, Egypt ",1 month ago,not found,not found,not found,not found,not found,https://wuzzuf.net/jobs/p/OPThhHBlLyzP-Research-Analyst-MTS-Cairo-Egypt?o=53&l=sp&t=sj&a=data analyst|search-v3|navbl|spbl,,
Junior Data Scientist/ML Engineer,TMentors,"Cairo, Egypt ",13 days ago,not found,not found,not found,not found,not found,https://wuzzuf.net/jobs/p/hpV79EG5sNSM-Junior-Data-ScientistML-Engineer-TMentors-Cairo-Egypt?o=54&l=sp&t=sj&a=data analyst|search-v3|navbl|spbl,,
Data Engineer,Z2 Data,"Banha, Qalubia, Egypt ",15 days ago,not found,not found,not found,not found,not found,https://wuzzuf.net/jobs/p/lgwEMwdybjJo-Data-Engineer-Z2-Data-Qalubia-Egypt?o=55&l=sp&t=sj&a=data analyst|search-v3|navbl|spbl,,
Data Analytics Team Lead,Fawry Banking & Payment Technology Services,"6th of October, Giza, Egypt ",12 days ago,not found,not found,not found,not found,not found,https://wuzzuf.net/jobs/p/427T1hqKiPYD-Data-Analytics-Team-Lead-Fawry-Banking-Payment-Technology-Services-Giza-Egypt?o=56&l=sp&t=sj&a=data analyst|search-v3|navbl|spbl,,
Data Scientist,B.Tech,"Nasr City, Cairo, Egypt ",9 days ago,not found,not found,not found,not found,not found,https://wuzzuf.net/jobs/p/AWyomu98Kn2y-Data-Scientist-B-Tech-Cairo-Egypt?o=57&l=sp&t=sj&a=data analyst|search-v3|navbl|spbl,,
Data Engineer,Second profit  ,"Cairo, Egypt ",16 days ago,not found,not found,not found,not found,not found,https://wuzzuf.net/jobs/p/xJNydkwbuJe4-Data-Engineer-Second-profit-Cairo-Egypt?o=58&l=sp&t=sj&a=data analyst|search-v3|navbl|spbl,,
Senior Business Intelligence Analyst,CEPRES,"Sheikh Zayed, Giza, Egypt ",1 month ago,not found,not found,not found,not found,not found,https://wuzzuf.net/jobs/p/iOC285ISbyfl-Senior-Business-Intelligence-Analyst-CEPRES-Giza-Egypt?o=59&l=sp&t=sj&a=data analyst|search-v3|navbl|spbl,,
System Analyst,Spark Systems,"New Cairo, Cairo, Egypt ",1 month ago,not found,not found,not found,not found,not found,https://wuzzuf.net/jobs/p/d97WNokFgtCh-System-Analyst-Spark-Systems-Cairo-Egypt?o=60&l=sp&t=sj&a=data analyst|search-v3|navbl|spbl,,
Market Research Analyst,Brand Vision ,"Sheraton, Cairo, Egypt ",1 month ago,not found,not found,not found,not found,not found,https://wuzzuf.net/jobs/p/DVf9MDLtgTb0-Market-Research-Analyst-Brand-Vision-Cairo-Egypt?o=61&l=sp&t=sj&a=data analyst|search-v3|navbl|spbl,,
Systems Analyst / ERP Application Support Analyst,(Delta Textile Egypt),"Nasr City, Cairo, Egypt ",1 month ago,not found,not found,not found,not found,not found,https://wuzzuf.net/jobs/p/XhA42H3UhYcy-Systems-Analyst-ERP-Application-Support-Analyst-Delta-Textile-Egypt-Cairo-Egypt?o=62&l=sp&t=sj&a=data analyst|search-v3|navbl|spbl,,
Financial Analyst - Ukraine Speaker,World Vest Base (WVB ),"Heliopolis, Cairo, Egypt ",1 month ago,not found,not found,not found,not found,not found,https://wuzzuf.net/jobs/p/ePCy6iElaG5e-Financial-Analyst---Ukraine-Speaker-World-Vest-Base-WVB-Cairo-Egypt?o=63&l=sp&t=sj&a=data analyst|search-v3|navbl|spbl,,
Senior Fraud Analyst - French Speaker,Premier Services and Recruitment,"New Cairo, Cairo, Egypt ",1 month ago,not found,not found,not found,not found,not found,https://wuzzuf.net/jobs/p/SoAC4zBGoqiD-Senior-Fraud-Analyst---French-Speaker-Premier-Services-and-Recruitment-Cairo-Egypt?o=64&l=sp&t=sj&a=data analyst|search-v3|navbl|spbl,,
Jr. BI & Data Warehouse Specialist,Masary,"Cairo, Egypt ",26 days ago,not found,not found,not found,not found,not found,https://wuzzuf.net/jobs/p/P8poTsWw6dFk-Jr-BI-Data-Warehouse-Specialist-Masary-Cairo-Egypt?o=65&l=sp&t=sj&a=data analyst|search-v3|navbl|spbl,,
Financial Analyst,Argaam,"Mohandessin, Giza, Egypt ",1 month ago,not found,not found,not found,not found,not found,https://wuzzuf.net/jobs/p/o8figjx0hETD-Financial-Analyst-Argaam-Giza-Egypt?o=66&l=sp&t=sj&a=data analyst|search-v3|navbl|spbl,,
Sr. Research Analyst (Secondary Research Experience is a MUST) -Switzerland Based Multinational,Evalueserve,"Maadi, Cairo, Egypt ",1 month ago,not found,not found,not found,not found,not found,https://wuzzuf.net/jobs/p/P5A8rXWSQzps-Sr-Research-Analyst-Secondary-Research-Experience-is-a-MUST--Switzerland-Based-Multinational-Evalueserve-Cairo-Egypt?o=67&l=sp&t=sj&a=data analyst|search-v3|navbl|spbl,,
Data Analytics & Insights Supervisor,B.Tech,"Cairo, Egypt ",23 days ago,not found,not found,not found,not found,not found,https://wuzzuf.net/jobs/p/Vi6NdVWZaE6f-Data-Analytics-Insights-Supervisor-B-Tech-Cairo-Egypt?o=68&l=sp&t=sj&a=data analyst|search-v3|navbl|spbl,,
Junior Data Scientist - Temporary Role,Premier Services and Recruitment,"6th of October, Giza, Egypt ",27 days ago,not found,not found,not found,not found,not found,https://wuzzuf.net/jobs/p/IIuvuH6DbzCr-Junior-Data-Scientist---Temporary-Role-Premier-Services-and-Recruitment-Giza-Egypt?o=69&l=sp&t=sj&a=data analyst|search-v3|navbl|spbl,,
Financial Analyst,Confidential -,"New Cairo, Cairo, Egypt ",1 month ago,not found,not found,not found,not found,not found,https://wuzzuf.net/jobs/p/dETSdevzl1fl-Financial-Analyst-Cairo-Egypt?o=70&l=sp&t=sj&a=data analyst|search-v3|navbl|spbl,,
Quality Assurance Analyst,Jumia,"Cairo, Egypt ",1 month ago,not found,not found,not found,not found,not found,https://wuzzuf.net/jobs/p/vrVzVdXCiSPP-Quality-Assurance-Analyst-Jumia-Cairo-Egypt?o=71&l=sp&t=sj&a=data analyst|search-v3|navbl|spbl,,
Big Data Engineer - Jumia Food,Jumia,"Cairo, Egypt ",1 month ago,not found,not found,not found,not found,not found,https://wuzzuf.net/jobs/p/VJiL96W9vv81-Big-Data-Engineer---Jumia-Food-Jumia-Cairo-Egypt?o=72&l=sp&t=sj&a=data analyst|search-v3|navbl|spbl,,
Research Analyst / Sukuk,IdealRatings,"Heliopolis, Cairo, Egypt ",1 month ago,not found,not found,not found,not found,not found,https://wuzzuf.net/jobs/p/0oPlDHWjrFWp-Research-Analyst-Sukuk-IdealRatings-Cairo-Egypt?o=73&l=sp&t=sj&a=data analyst|search-v3|navbl|spbl,,
Business Intelligence Analyst,WebBeds,"Nasr City, Cairo, Egypt ",1 month ago,not found,not found,not found,not found,not found,https://wuzzuf.net/jobs/p/KoDadFhKRFdj-Business-Intelligence-Analyst-WebBeds-Cairo-Egypt?o=74&l=sp&t=sj&a=data analyst|search-v3|navbl|spbl,,
Research Analyst,Confidential -,"Nasr City, Cairo, Egypt ",1 month ago,not found,not found,not found,not found,not found,https://wuzzuf.net/jobs/p/j2DF4ukg5Bbg-Research-Analyst-Cairo-Egypt?o=75&l=sp&t=sj&a=data analyst|search-v3|navbl|spbl,,
Data Analysis & Forecasting,Confidential -,"Maadi, Cairo, Egypt ",3 days ago,not found,not found,not found,not found,not found,https://wuzzuf.net/jobs/p/6Z0IdNav4Kth-Data-Analysis-Forecasting-Cairo-Egypt?o=76&l=sp&t=sj&a=data analyst|search-v3|navbl|spbl,,
Finance Manager / Director,Confidential -,"Dokki, Giza, Egypt ",1 month ago,not found,not found,not found,not found,not found,https://wuzzuf.net/jobs/p/t1O6OuY3sc3U-Finance-Manager-Director-Giza-Egypt?o=77&l=sp&t=sj&a=data analyst|search-v3|navbl|spbl,,
Data Scientist,Ashtar.app,"Maadi, Cairo, Egypt ",10 days ago,not found,not found,not found,not found,not found,https://wuzzuf.net/jobs/p/gNUuJVJynxzn-Data-Scientist-Ashtar-app-Cairo-Egypt?o=78&l=sp&t=sj&a=data analyst|search-v3|navbl|spbl,,
Senior System Analyst (Banking Industry),B.Tech,"Nasr City, Cairo, Egypt ",1 month ago,not found,not found,not found,not found,not found,https://wuzzuf.net/jobs/p/88oJoI6pYe7S-Senior-System-Analyst-Banking-Industry-B-Tech-Cairo-Egypt?o=79&l=sp&t=sj&a=data analyst|search-v3|navbl|spbl,,
R&D Stability Analyst,Al Andalous Pharmaceutical Industries,"6th of October, Giza, Egypt ",1 month ago,not found,not found,not found,not found,not found,https://wuzzuf.net/jobs/p/WuKK6H1xvjkd-RD-Stability-Analyst-Al-Andalous-Pharmaceutical-Industries-Giza-Egypt?o=80&l=sp&t=sj&a=data analyst|search-v3|navbl|spbl,,
Segmentation & Data Mining Senior Supervisor,Etisalat Misr,"New Cairo, Cairo, Egypt ",1 month ago,not found,not found,not found,not found,not found,https://wuzzuf.net/jobs/p/TO5TWJLA9TZ7-Segmentation-Data-Mining-Senior-Supervisor-Etisalat-Misr-Cairo-Egypt?o=81&l=sp&t=sj&a=data analyst|search-v3|navbl|spbl,,
R&D Methodology Analyst,Al Andalous Pharmaceutical Industries,"6th of October, Giza, Egypt ",1 month ago,not found,not found,not found,not found,not found,https://wuzzuf.net/jobs/p/39axskGZXCaZ-RD-Methodology-Analyst-Al-Andalous-Pharmaceutical-Industries-Giza-Egypt?o=82&l=sp&t=sj&a=data analyst|search-v3|navbl|spbl,,
Senior .Net Developer,Z2 Data,"Nasr City, Cairo, Egypt ",1 month ago,not found,not found,not found,not found,not found,https://wuzzuf.net/jobs/p/GFe9AqvEscEW-Senior-Net-Developer-Z2-Data-Cairo-Egypt?o=83&l=sp&t=sj&a=data analyst|search-v3|navbl|spbl,,
Teaching Assistnat - Computer Science - Data Science,Confidential -,"New Capital, Cairo, Egypt ",17 days ago,not found,not found,not found,not found,not found,https://wuzzuf.net/jobs/p/S2E22vk9zc8C-Teaching-Assistnat---Computer-Science---Data-Science-Cairo-Egypt?o=84&l=sp&t=sj&a=data analyst|search-v3|navbl|spbl,,
Tax Accountant,Confidential -,"Abou Hammad, Sharqia, Egypt ",1 month ago,not found,not found,not found,not found,not found,https://wuzzuf.net/jobs/p/TvGmhxvTyes4-Tax-Accountant-Sharqia-Egypt?o=85&l=sp&t=sj&a=data analyst|search-v3|navbl|spbl,,
Cost Accountant,Target Recruitment  & HR Solutions ,"Cairo, Egypt ",1 month ago,not found,not found,not found,not found,not found,https://wuzzuf.net/jobs/p/aXpX5u5nnPGJ-Cost-Accountant-Target-Recruitment-HR-Solutions-Cairo-Egypt?o=86&l=sp&t=sj&a=data analyst|search-v3|navbl|spbl,,
Market Researcher Internship,Sphere Smart Solutions,"Maadi, Cairo, Egypt ",1 month ago,not found,not found,not found,not found,not found,https://wuzzuf.net/jobs/p/Pijw4yOkk8OL-Market-Researcher-Internship-Sphere-Smart-Solutions-Cairo-Egypt?o=87&l=sp&t=sj&a=data analyst|search-v3|navbl|spbl,,
Football Data Collector,StatsBomb,"Nasr City, Cairo, Egypt ",24 days ago,not found,not found,not found,not found,not found,https://wuzzuf.net/jobs/p/0nMHXTHaXTxX-Football-Data-Collector-StatsBomb-Cairo-Egypt?o=88&l=sp&t=sj&a=data analyst|search-v3|navbl|spbl,,
Senior ASP.Net Developer,Microtech,"Dokki, Giza, Egypt ",2 months ago,not found,not found,not found,not found,not found,https://wuzzuf.net/jobs/p/7NlJnEXqw2WY-Senior-ASPNet-Developer-Microtech-Giza-Egypt?o=89&l=sp&t=sj&a=data analyst|search-v3|navbl|spbl,,
Beta Tester,INNOVATIVE CONNECTING PTE. LIMITED,"Ad Dasmah, Kuwait ",1 month ago,not found,not found,not found,not found,not found,https://wuzzuf.net/jobs/p/Vjx70qe04R3L-Beta-Tester-INNOVATIVE-CONNECTING-PTE-LIMITED-Ad-Dasmah-Kuwait?o=90&l=sp&t=sj&a=data analyst|search-v3|navbl|spbl,,
Senior Big Data Architect,Confidential -,"New Cairo, Cairo, Egypt ",1 day ago,not found,not found,not found,not found,not found,https://wuzzuf.net/jobs/p/75RlDXAVfgiO-Senior-Big-Data-Architect-Cairo-Egypt?o=91&l=sp&t=sj&a=data analyst|search-v3|navbl|spbl,,
Senior Full Stack Developer,MarketeersHub,"Mohandessin, Giza, Egypt ",1 month ago,not found,not found,not found,not found,not found,https://wuzzuf.net/jobs/p/mstuYVqMjBx4-Senior-Full-Stack-Developer-MarketeersHub-Giza-Egypt?o=92&l=sp&t=sj&a=data analyst|search-v3|navbl|spbl,,
Internal Consultant,The KPI Institute,"Cairo, Egypt ",11 days ago,not found,not found,not found,not found,not found,https://wuzzuf.net/jobs/p/cQFNPNPPeC0x-Internal-Consultant-The-KPI-Institute-Cairo-Egypt?o=93&l=sp&t=sj&a=data analyst|search-v3|navbl|spbl,,
Market Intelligence Specialist -Cairo,E3mel Business for Financial & Managerial Consultancy,"Maadi, Cairo, Egypt ",8 days ago,not found,not found,not found,not found,not found,https://wuzzuf.net/jobs/p/aO6l67OzgdlN-Market-Intelligence-Specialist--Cairo-E3mel-Business-for-Financial-Managerial-Consultancy-Cairo-Egypt?o=94&l=sp&t=sj&a=data analyst|search-v3|navbl|spbl,,
Financial Planning & Analysis Director,B.Tech,"Nasr City, Cairo, Egypt ",1 month ago,not found,not found,not found,not found,not found,https://wuzzuf.net/jobs/p/Ye8PAHUgdKXD-Financial-Planning-Analysis-Director-B-Tech-Cairo-Egypt?o=95&l=sp&t=sj&a=data analyst|search-v3|navbl|spbl,,
Experience Lead,Bosta,"Maadi, Cairo, Egypt ",1 month ago,not found,not found,not found,not found,not found,https://wuzzuf.net/jobs/p/LSfHu8ywdxpN-Experience-Lead-Bosta-Cairo-Egypt?o=96&l=sp&t=sj&a=data analyst|search-v3|navbl|spbl,,
Analysis Specialist,Confidential -,"Maadi, Cairo, Egypt ",1 month ago,not found,not found,not found,not found,not found,https://wuzzuf.net/jobs/p/onqefjE3kXbz-Analysis-Specialist-Cairo-Egypt?o=97&l=sp&t=sj&a=data analyst|search-v3|navbl|spbl,,
Research Coordinator,Nile University,"Sheikh Zayed, Giza, Egypt ",2 months ago,not found,not found,not found,not found,not found,https://wuzzuf.net/jobs/p/08b4H6i2OADG-Research-Coordinator-Nile-University-Giza-Egypt?o=98&l=sp&t=sj&a=data analyst|search-v3|navbl|spbl,,
Business Development Specialist-New Cairo,IWAN Design House,"New Cairo, Cairo, Egypt ",26 days ago,not found,not found,not found,not found,not found,https://wuzzuf.net/jobs/p/O8TffJ4Mu5L3-Business-Development-Specialist-New-Cairo-IWAN-Design-House-Cairo-Egypt?o=99&l=sp&t=sj&a=data analyst|search-v3|navbl|spbl,,
Senior Internal Auditor,4level1,"Cairo, Egypt ",21 days ago,not found,not found,not found,not found,not found,https://wuzzuf.net/jobs/p/XcFQqDZ7JDRe-Senior-Internal-Auditor-4level1-Cairo-Egypt?o=100&l=sp&t=sj&a=data analyst|search-v3|navbl|spbl,,
Commercial Planning Manager,Homzmart,"Katameya, Cairo, Egypt ",16 days ago,not found,not found,not found,not found,not found,https://wuzzuf.net/jobs/p/ZCSfsW1hFFpL-Commercial-Planning-Manager-Homzmart-Cairo-Egypt?o=101&l=sp&t=sj&a=data analyst|search-v3|navbl|spbl,,
Presales Consultant,Microtech,"Dokki, Giza, Egypt ",16 days ago,not found,not found,not found,not found,not found,https://wuzzuf.net/jobs/p/Bu9qZ1Ea7RvD-Presales-Consultant-Microtech-Giza-Egypt?o=102&l=sp&t=sj&a=data analyst|search-v3|navbl|spbl,,
Market Development Manager - NSSA,Network International -Egypt,"New Cairo, Cairo, Egypt ",15 days ago,not found,not found,not found,not found,not found,https://wuzzuf.net/jobs/p/SSQbkSfnPlpx-Market-Development-Manager---NSSA-Network-International--Egypt-Cairo-Egypt?o=103&l=sp&t=sj&a=data analyst|search-v3|navbl|spbl,,
Group Manager - Research (General/ Metals/ Mining Industry) - Switzerland Based Multinational,Evalueserve,"Riyadh, Saudi Arabia ",1 month ago,not found,not found,not found,not found,not found,https://wuzzuf.net/jobs/p/Ku894IMTpZVF-Group-Manager---Research-General-Metals-Mining-Industry---Switzerland-Based-Multinational-Evalueserve-Riyadh-Saudi-Arabia?o=104&l=sp&t=sj&a=data analyst|search-v3|navbl|spbl,,
Market Research Supervisor,Nahdet Misr Publishing Group,"Mohandessin, Giza, Egypt ",19 days ago,not found,not found,not found,not found,not found,https://wuzzuf.net/jobs/p/dPZuGNPKtnSi-Market-Research-Supervisor-Nahdet-Misr-Publishing-Group-Giza-Egypt?o=105&l=sp&t=sj&a=data analyst|search-v3|navbl|spbl,,
Market Research Manager - Mobile Phones,IDC,"6th of October, Giza, Egypt ",9 days ago,not found,not found,not found,not found,not found,https://wuzzuf.net/jobs/p/NWD8yj0temF6-Market-Research-Manager---Mobile-Phones-IDC-Giza-Egypt?o=106&l=sp&t=sj&a=data analyst|search-v3|navbl|spbl,,
Fresh / Experienced Accountant -(Multinational) Large IT corporate,Pillars,"Cairo, Egypt ",1 month ago,not found,not found,not found,not found,not found,https://wuzzuf.net/jobs/p/S8XV9a8tZQsf-Fresh-Experienced-Accountant--Multinational-Large-IT-corporate-Pillars-Cairo-Egypt?o=107&l=sp&t=sj&a=data analyst|search-v3|navbl|spbl,,
Senior UX Researcher,Nana,"Sheraton, Cairo, Egypt ",17 days ago,not found,not found,not found,not found,not found,https://wuzzuf.net/jobs/p/FMEdVmpNFQSw-Senior-UX-Researcher-Nana-Cairo-Egypt?o=108&l=sp&t=sj&a=data analyst|search-v3|navbl|spbl,,
QC - Microbiologist,Hikma Pharmaceuticals,"Badr City, Cairo, Egypt ",1 month ago,not found,not found,not found,not found,not found,https://wuzzuf.net/jobs/p/m0LF9U9bgTgO-QC---Microbiologist-Hikma-Pharmaceuticals-Cairo-Egypt?o=109&l=sp&t=sj&a=data analyst|search-v3|navbl|spbl,,
Senior Full Stack Developer- PHP Laravel,Digital Harbor,"Maadi, Cairo, Egypt ",29 days ago,not found,not found,not found,not found,not found,https://wuzzuf.net/jobs/p/uPBMEEawXiuX-Senior-Full-Stack-Developer--PHP-Laravel-Digital-Harbor-Cairo-Egypt?o=110&l=sp&t=sj&a=data analyst|search-v3|navbl|spbl,,
Pricing Supervisor (Medical),Andalusia Group,"Maadi, Cairo, Egypt ",16 days ago,not found,not found,not found,not found,not found,https://wuzzuf.net/jobs/p/7ODrZzus4sz3-Pricing-Supervisor-Medical-Andalusia-Group-Cairo-Egypt?o=111&l=sp&t=sj&a=data analyst|search-v3|navbl|spbl,,
RTM Admin,Sykes Enterprises,"Maadi, Cairo, Egypt ",1 month ago,not found,not found,not found,not found,not found,https://wuzzuf.net/jobs/p/3Bn4D0sPqfXz-RTM-Admin-Sykes-Enterprises-Cairo-Egypt?o=112&l=sp&t=sj&a=data analyst|search-v3|navbl|spbl,,
Senior UI/UX Designer,StatsBomb,"Nasr City, Cairo, Egypt ",1 month ago,not found,not found,not found,not found,not found,https://wuzzuf.net/jobs/p/F6LHBtJUsBz7-Senior-UIUX-Designer-StatsBomb-Cairo-Egypt?o=113&l=sp&t=sj&a=data analyst|search-v3|navbl|spbl,,
OD Supervisor (Healthcare),Andalusia Group,"Maadi, Cairo, Egypt ",10 days ago,not found,not found,not found,not found,not found,https://wuzzuf.net/jobs/p/ijN84kileIUf-OD-Supervisor-Healthcare-Andalusia-Group-Cairo-Egypt?o=114&l=sp&t=sj&a=data analyst|search-v3|navbl|spbl,,
SOC Engineer,Link Datacenter,"Dokki, Giza, Egypt ",1 month ago,not found,not found,not found,not found,not found,https://wuzzuf.net/jobs/p/aLkxuiKur0bt-SOC-Engineer-Link-Datacenter-Giza-Egypt?o=115&l=sp&t=sj&a=data analyst|search-v3|navbl|spbl,,
Full Stack Developer,TTC Technologies,"Heliopolis, Cairo, Egypt ",22 days ago,not found,not found,not found,not found,not found,https://wuzzuf.net/jobs/p/IJ6rSAf8pRw3-Full-Stack-Developer-TTC-Technologies-Cairo-Egypt?o=116&l=sp&t=sj&a=data analyst|search-v3|navbl|spbl,,
Senior Budget & Reporting Accountant - 6th of October,Nile Projects & Trading,"6th of October, Giza, Egypt ",29 days ago,not found,not found,not found,not found,not found,https://wuzzuf.net/jobs/p/vgco3dmw0mWP-Senior-Budget-Reporting-Accountant---6th-of-October-Nile-Projects-Trading-Giza-Egypt?o=117&l=sp&t=sj&a=data analyst|search-v3|navbl|spbl,,
Algorithm Engineer,Biobusiness,"Haram, Giza, Egypt ",25 days ago,not found,not found,not found,not found,not found,https://wuzzuf.net/jobs/p/kyI7sHwhphLK-Algorithm-Engineer-Biobusiness-Giza-Egypt?o=118&l=sp&t=sj&a=data analyst|search-v3|navbl|spbl,,
Senior Backend Developer -Alexandria,Caduceus Lane,"Alexandria, Egypt ",1 month ago,not found,not found,not found,not found,not found,https://wuzzuf.net/jobs/p/Zoyopbg85vWn-Senior-Backend-Developer--Alexandria-Caduceus-Lane-Alexandria-Egypt?o=119&l=sp&t=sj&a=data analyst|search-v3|navbl|spbl,,
Pricing Supervisor,Andalusia Group,"Maadi, Cairo, Egypt ",26 days ago,not found,not found,not found,not found,not found,https://wuzzuf.net/jobs/p/zY9AuTGRxmxx-Pricing-Supervisor-Andalusia-Group-Cairo-Egypt?o=120&l=sp&t=sj&a=data analyst|search-v3|navbl|spbl,,
Mid-Senior Backend Developer- Alexandria,Caduceus Lane,"Alexandria, Egypt ",1 month ago,not found,not found,not found,not found,not found,https://wuzzuf.net/jobs/p/R9FrlLTyXCsM-Mid-Senior-Backend-Developer--Alexandria-Caduceus-Lane-Alexandria-Egypt?o=121&l=sp&t=sj&a=data analyst|search-v3|navbl|spbl,,
Research Manager,Elaraby Group,"Abbassia, Cairo, Egypt ",1 month ago,not found,not found,not found,not found,not found,https://wuzzuf.net/jobs/p/ojrJsC0Rn0Sd-Research-Manager-Elaraby-Group-Cairo-Egypt?o=122&l=sp&t=sj&a=data analyst|search-v3|navbl|spbl,,
Internal Auditor - Construction,Confidential -,"New Cairo, Cairo, Egypt ",1 month ago,not found,not found,not found,not found,not found,https://wuzzuf.net/jobs/p/DPwXyGFslVpH-Internal-Auditor---Construction-Cairo-Egypt?o=123&l=sp&t=sj&a=data analyst|search-v3|navbl|spbl,,
Senior Performance Marketing Specialist [Sr. Media Buyer],Cultark,"Heliopolis, Cairo, Egypt ",26 days ago,not found,not found,not found,not found,not found,https://wuzzuf.net/jobs/p/XvRuPon3vYB8-Senior-Performance-Marketing-Specialist-Sr-Media-Buyer-Cultark-Cairo-Egypt?o=124&l=sp&t=sj&a=data analyst|search-v3|navbl|spbl,,
Leads Generation Coordinator,Future Group,"Dokki, Giza, Egypt ",1 month ago,not found,not found,not found,not found,not found,https://wuzzuf.net/jobs/p/FHwcf7mNCcKM-Leads-Generation-Coordinator-Future-Group-Giza-Egypt?o=125&l=sp&t=sj&a=data analyst|search-v3|navbl|spbl,,
Senior Software Developer,Brmaja,"New Cairo, Cairo, Egypt ",15 days ago,not found,not found,not found,not found,not found,https://wuzzuf.net/jobs/p/UFIIxirwfwza-Senior-Software-Developer-Brmaja-Cairo-Egypt?o=126&l=sp&t=sj&a=data analyst|search-v3|navbl|spbl,,
Application Engineer,Qsource,"Cairo, Egypt ",1 month ago,not found,not found,not found,not found,not found,https://wuzzuf.net/jobs/p/QHERobtZx3al-Application-Engineer-Qsource-Cairo-Egypt?o=127&l=sp&t=sj&a=data analyst|search-v3|navbl|spbl,,
Research & Development Specialist (Pharmacist),EVA Cosmetics ,"6th of October, Giza, Egypt ",1 month ago,not found,not found,not found,not found,not found,https://wuzzuf.net/jobs/p/lcGefrzp48oz-Research-Development-Specialist-Pharmacist-EVA-Cosmetics-Giza-Egypt?o=128&l=sp&t=sj&a=data analyst|search-v3|navbl|spbl,,
Fraud Risk Manager French Speaker,Premier Services and Recruitment,"New Cairo, Cairo, Egypt ",1 month ago,not found,not found,not found,not found,not found,https://wuzzuf.net/jobs/p/USwFxDs3AeV3-Fraud-Risk-Manager-French-Speaker-Premier-Services-and-Recruitment-Cairo-Egypt?o=129&l=sp&t=sj&a=data analyst|search-v3|navbl|spbl,,
Content Marketing Specialist,Softec Technologies,"Maadi, Cairo, Egypt ",10 days ago,not found,not found,not found,not found,not found,https://wuzzuf.net/jobs/p/tIVa2a5Y4IwX-Content-Marketing-Specialist-Softec-Technologies-Cairo-Egypt?o=130&l=sp&t=sj&a=data analyst|search-v3|navbl|spbl,,
Senior Java Developer,egabi solutions,"Cairo, Egypt ",11 days ago,not found,not found,not found,not found,not found,https://wuzzuf.net/jobs/p/cKI8g4lgj4WK-Senior-Java-Developer-egabi-solutions-Cairo-Egypt?o=131&l=sp&t=sj&a=data analyst|search-v3|navbl|spbl,,
QMS Coordinator,Centro Global Solutions,"Maadi, Cairo, Egypt ",1 month ago,not found,not found,not found,not found,not found,https://wuzzuf.net/jobs/p/KeCzKgO35dUc-QMS-Coordinator-Centro-Global-Solutions-Cairo-Egypt?o=132&l=sp&t=sj&a=data analyst|search-v3|navbl|spbl,,
Agricultural Researcher,RITEC,"Maadi, Cairo, Egypt ",1 month ago,not found,not found,not found,not found,not found,https://wuzzuf.net/jobs/p/3AwID4chYa4v-Agricultural-Researcher-RITEC-Cairo-Egypt?o=133&l=sp&t=sj&a=data analyst|search-v3|navbl|spbl,,
NLP Engineer,Master Linux,"Heliopolis, Cairo, Egypt ",1 month ago,not found,not found,not found,not found,not found,https://wuzzuf.net/jobs/p/67v9IcnKyNAn-NLP-Engineer-Master-Linux-Cairo-Egypt?o=134&l=sp&t=sj&a=data analyst|search-v3|navbl|spbl,,
Product Owner,Perfect Presentation,"6th of October, Giza, Egypt ",1 month ago,not found,not found,not found,not found,not found,https://wuzzuf.net/jobs/p/ihKbVsaxWhDu-Product-Owner-Perfect-Presentation-Giza-Egypt?o=135&l=sp&t=sj&a=data analyst|search-v3|navbl|spbl,,
Researcher,Capiter,"Cairo, Egypt ",1 month ago,not found,not found,not found,not found,not found,https://wuzzuf.net/jobs/p/PUvoqHTBGngJ-Researcher-Capiter-Cairo-Egypt?o=136&l=sp&t=sj&a=data analyst|search-v3|navbl|spbl,,
Senior Full Stack Developer .Net Angular,Confidential -,"Nasr City, Cairo, Egypt ",1 month ago,not found,not found,not found,not found,not found,https://wuzzuf.net/jobs/p/4FnRJ9QXrQMq-Senior-Full-Stack-Developer-Net-Angular-Cairo-Egypt?o=137&l=sp&t=sj&a=data analyst|search-v3|navbl|spbl,,
Market Research Manager - IT services,IDC,"6th of October, Giza, Egypt ",1 month ago,not found,not found,not found,not found,not found,https://wuzzuf.net/jobs/p/ojcaUs8zwW84-Market-Research-Manager---IT-services-IDC-Giza-Egypt?o=138&l=sp&t=sj&a=data analyst|search-v3|navbl|spbl,,
ERP Implementer & Technical Support,DewanSoft,"Haram, Giza, Egypt ",1 month ago,not found,not found,not found,not found,not found,https://wuzzuf.net/jobs/p/1SdcmZMUCbrt-ERP-Implementer-Technical-Support-DewanSoft-Giza-Egypt?o=139&l=sp&t=sj&a=data analyst|search-v3|navbl|spbl,,
Senior Node JS Developer,Confidential -,"Heliopolis, Cairo, Egypt ",1 month ago,not found,not found,not found,not found,not found,https://wuzzuf.net/jobs/p/dzRFut46NCyw-Senior-Node-JS-Developer-Cairo-Egypt?o=140&l=sp&t=sj&a=data analyst|search-v3|navbl|spbl,,
Application Support Specialist,EME International,"Maadi, Cairo, Egypt ",1 month ago,not found,not found,not found,not found,not found,https://wuzzuf.net/jobs/p/fR27aqFXkcsK-Application-Support-Specialist-EME-International-Cairo-Egypt?o=141&l=sp&t=sj&a=data analyst|search-v3|navbl|spbl,,
Medical Specialist (Research) - Alexandria,Caduceus Lane,"Alexandria, Egypt ",1 month ago,not found,not found,not found,not found,not found,https://wuzzuf.net/jobs/p/2pvZm16FKOxM-Medical-Specialist-Research---Alexandria-Caduceus-Lane-Alexandria-Egypt?o=142&l=sp&t=sj&a=data analyst|search-v3|navbl|spbl,,
Microsoft Senior Web Developer (Only For Immediate Hiring),3S Software,"Nasr City, Cairo, Egypt ",24 days ago,not found,not found,not found,not found,not found,https://wuzzuf.net/jobs/p/pxSOMzpuA8nz-Microsoft-Senior-Web-Developer-Only-For-Immediate-Hiring-3S-Software-Cairo-Egypt?o=143&l=sp&t=sj&a=data analyst|search-v3|navbl|spbl,,
Marketing Head,Confidential -,"Maadi, Cairo, Egypt ",17 days ago,not found,not found,not found,not found,not found,https://wuzzuf.net/jobs/p/4q9SGjgi1KKi-Marketing-Head-Cairo-Egypt?o=144&l=sp&t=sj&a=data analyst|search-v3|navbl|spbl,,
AVP / Center Head (Research Background is a MUST) - MEA & KSA,Evalueserve,"Maadi, Cairo, Egypt ",1 month ago,not found,not found,not found,not found,not found,https://wuzzuf.net/jobs/p/wg6HRh2m8lJu-AVP-Center-Head-Research-Background-is-a-MUST---MEA-KSA-Evalueserve-Cairo-Egypt?o=145&l=sp&t=sj&a=data analyst|search-v3|navbl|spbl,,
Deputy Marketing Manager,Confidential -,"Maadi, Cairo, Egypt ",18 days ago,not found,not found,not found,not found,not found,https://wuzzuf.net/jobs/p/QNirsgoEOv8T-Deputy-Marketing-Manager-Cairo-Egypt?o=146&l=sp&t=sj&a=data analyst|search-v3|navbl|spbl,,
Cloud Engineer (DG 360),Ibn Sina Pharma,"Sheraton, Cairo, Egypt ",1 month ago,not found,not found,not found,not found,not found,https://wuzzuf.net/jobs/p/zklGOGVbzFNY-Cloud-Engineer-DG-360-Ibn-Sina-Pharma-Cairo-Egypt?o=147&l=sp&t=sj&a=data analyst|search-v3|navbl|spbl,,
Senior Full Stack .Net Developer,Smart IT,"Nasr City, Cairo, Egypt ",1 month ago,not found,not found,not found,not found,not found,https://wuzzuf.net/jobs/p/qOdfQgqm6P2d-Senior-Full-Stack-Net-Developer-Smart-IT-Cairo-Egypt?o=148&l=sp&t=sj&a=data analyst|search-v3|navbl|spbl,,
Software Solution Specialist,Kalasko,"Hurghada, Red Sea, Egypt ",1 month ago,not found,not found,not found,not found,not found,https://wuzzuf.net/jobs/p/ROsP0H9TqrFI-Software-Solution-Specialist-Kalasko-Red-Sea-Egypt?o=149&l=sp&t=sj&a=data analyst|search-v3|navbl|spbl,,
